Training_Load,Sleep_Hours,Heart_Rate,Muscle_Soreness,Stress_Level,Recovery_Status
39.9,6.0,152.0,3,4,Recovered
46.7,8.3,156.0,3,1,Recovered
94.1,7.6,166.0,3,2,Recovered
35.2,7.0,169.0,3,3,Recovered
72.1,5.2,169.0,3,4,Recovered
53.4,5.4,128.0,3,3,Recovered
69.4,5.0,142.0,3,3,Recovered
46.5,8.1,136.0,4,3,Recovered
45.0,7.1,169.0,3,2,Recovered
69.0,7.3,169.0,4,2,Recovered
41.9,4.8,155.0,2,3,Recovered
37.7,8.7,131.0,4,2,Recovered
95.6,8.0,145.0,3,2,Recovered
87.7,5.6,141.0,1,3,Recovered
26.0,5.3,148.0,4,4,Overtrained
79.1,5.3,125.0,3,3,Recovered
67.0,5.8,141.0,3,4,Recovered
48.9,6.6,124.0,4,4,Overtrained
47.8,6.4,128.0,2,3,Recovered
63.7,5.9,169.0,3,4,Recovered
52.2,6.9,136.0,3,2,Recovered
25.4,5.2,156.0,3,3,Recovered
95.8,5.9,130.0,3,3,Recovered
43.3,6.0,145.0,4,4,Overtrained
49.8,6.4,140.0,3,2,Recovered
42.5,7.8,152.0,4,2,Recovered
58.6,5.6,165.0,2,3,Recovered
71.0,6.9,155.0,2,2,Recovered
100.0,7.2,169.0,2,2,Recovered
61.1,5.0,127.0,1,3,Recovered
48.3,7.1,141.0,4,2,Recovered
52.6,5.4,127.0,2,4,Recovered
52.2,4.9,158.0,2,4,Recovered
35.4,8.4,166.0,3,2,Recovered
76.0,8.5,147.0,3,2,Recovered
70.6,7.8,156.0,3,1,Recovered
67.9,5.9,147.0,3,2,Recovered
64.6,5.1,125.0,3,4,Recovered
83.1,7.3,162.0,3,2,Recovered
47.7,6.6,154.0,2,2,Recovered
34.8,5.2,148.0,2,4,Recovered
82.1,6.7,155.0,3,2,Recovered
59.6,4.6,136.0,4,4,Overtrained
79.4,8.3,168.0,3,2,Recovered
41.3,5.7,162.0,4,3,Recovered
19.0,7.4,146.0,3,4,Recovered
55.0,5.7,148.0,4,3,Recovered
35.4,6.7,125.0,3,3,Recovered
62.8,7.0,145.0,3,2,Recovered
48.6,5.3,146.0,3,4,Recovered
43.2,8.6,169.0,2,2,Recovered
65.3,7.7,129.0,3,2,Recovered
50.5,8.5,131.0,3,2,Recovered
99.1,8.4,120.0,2,1,Recovered
85.2,7.0,169.0,3,3,Recovered
53.5,8.4,162.0,4,2,Recovered
49.1,5.2,146.0,2,3,Recovered
39.0,5.6,144.0,3,3,Recovered
31.7,4.8,161.0,4,4,Overtrained
62.0,5.9,169.0,2,3,Recovered
32.6,6.3,156.0,3,2,Recovered
56.6,5.8,156.0,3,3,Recovered
54.3,8.1,153.0,3,2,Recovered
26.2,6.1,134.0,3,4,Recovered
73.2,5.7,137.0,4,3,Recovered
52.2,6.8,128.0,3,3,Recovered
50.4,5.1,125.0,3,3,Recovered
38.1,8.0,151.0,2,2,Recovered
67.8,5.0,165.0,2,4,Recovered
66.7,8.6,132.0,3,3,Recovered
67.5,7.8,159.0,3,2,Recovered
41.7,5.5,146.0,3,3,Recovered
73.6,4.7,159.0,2,4,Recovered
57.2,7.9,150.0,3,3,Recovered
59.0,7.4,131.0,4,2,Recovered
60.8,7.6,137.0,2,2,Recovered
32.7,7.6,120.0,3,3,Recovered
64.2,5.1,169.0,3,3,Recovered
54.7,6.0,169.0,2,3,Recovered
49.4,5.3,141.0,3,4,Recovered
88.8,8.1,142.0,4,3,Recovered
45.7,7.2,146.0,3,2,Recovered
96.8,6.1,169.0,2,3,Recovered
70.0,4.9,144.0,2,4,Recovered
47.1,5.8,158.0,4,3,Recovered
36.1,6.0,142.0,2,3,Recovered
55.8,7.6,127.0,3,1,Recovered
61.5,7.3,136.0,3,3,Recovered
69.4,8.0,148.0,3,2,Recovered
59.7,6.5,155.0,3,4,Recovered
88.2,5.1,169.0,2,3,Recovered
94.9,7.5,154.0,2,2,Recovered
61.4,7.7,138.0,2,2,Recovered
61.2,6.8,152.0,4,3,Recovered
75.7,7.6,169.0,3,3,Recovered
97.6,6.6,144.0,5,2,Recovered
48.7,6.8,144.0,3,3,Recovered
73.4,6.3,123.0,3,3,Recovered
43.0,4.8,132.0,3,3,Recovered
41.1,4.9,169.0,5,3,Recovered
61.4,4.6,136.0,5,5,Overtrained
78.1,7.3,142.0,3,1,Recovered
69.4,5.9,126.0,3,3,Recovered
57.8,6.7,143.0,3,3,Recovered
51.5,8.2,129.0,3,2,Recovered
52.5,5.6,169.0,3,3,Recovered
48.5,6.2,159.0,3,3,Recovered
59.8,7.5,152.0,4,2,Recovered
43.3,5.5,162.0,3,4,Recovered
54.0,4.8,168.0,4,5,Overtrained
80.1,5.9,137.0,3,3,Recovered
37.9,5.3,148.0,3,3,Recovered
69.3,8.4,144.0,2,3,Recovered
55.4,7.9,136.0,3,2,Recovered
49.4,7.1,165.0,3,2,Recovered
60.2,8.0,164.0,4,3,Recovered
68.3,7.8,136.0,2,3,Recovered
83.7,5.4,154.0,2,3,Recovered
59.7,8.3,149.0,3,2,Recovered
23.5,6.9,120.0,3,3,Recovered
43.7,7.8,136.0,4,2,Recovered
39.0,8.2,135.0,4,2,Recovered
37.6,6.0,167.0,2,3,Recovered
52.8,5.0,133.0,4,5,Overtrained
54.7,5.7,134.0,3,3,Recovered
55.7,6.2,121.0,3,3,Recovered
73.3,8.0,127.0,3,1,Recovered
34.3,8.1,151.0,2,2,Recovered
42.2,4.5,169.0,4,5,Overtrained
41.2,6.7,169.0,3,3,Recovered
81.3,6.3,169.0,5,3,Recovered
85.8,5.6,137.0,3,3,Recovered
85.0,5.2,156.0,3,3,Recovered
50.1,6.0,159.0,2,4,Recovered
100.0,8.5,134.0,3,2,Recovered
81.0,5.9,141.0,2,2,Recovered
48.9,6.6,149.0,4,4,Overtrained
70.9,7.4,158.0,3,3,Recovered
69.8,6.2,149.0,3,3,Recovered
69.7,8.5,140.0,2,1,Recovered
69.5,8.5,134.0,3,1,Recovered
89.5,5.6,133.0,3,3,Recovered
43.2,6.6,127.0,3,3,Recovered
57.8,5.9,141.0,1,4,Recovered
100.0,5.7,127.0,3,4,Recovered
53.2,4.8,169.0,3,3,Recovered
52.9,7.0,151.0,4,2,Recovered
68.0,6.8,124.0,2,3,Recovered
58.3,4.9,147.0,2,3,Recovered
55.5,5.7,134.0,4,4,Overtrained
34.9,8.2,164.0,3,2,Recovered
42.9,5.6,165.0,3,4,Recovered
65.4,5.3,150.0,3,4,Recovered
32.6,6.6,130.0,4,3,Recovered
46.3,8.6,151.0,3,1,Recovered
74.0,5.8,132.0,2,3,Recovered
80.0,7.5,141.0,1,2,Recovered
81.9,7.5,120.0,3,3,Recovered
66.0,5.5,129.0,3,3,Recovered
64.7,7.7,121.0,2,2,Recovered
73.9,6.1,144.0,4,3,Recovered
44.5,7.2,168.0,2,1,Recovered
56.0,7.2,155.0,4,2,Recovered
63.2,6.9,129.0,3,2,Recovered
54.9,5.0,120.0,4,3,Recovered
64.4,8.0,154.0,2,1,Recovered
61.4,6.0,168.0,2,2,Recovered
26.4,5.5,169.0,2,2,Recovered
50.7,4.8,160.0,4,3,Recovered
55.4,7.0,163.0,4,4,Overtrained
63.6,7.3,156.0,3,2,Recovered
100.0,4.8,134.0,3,4,Recovered
43.9,6.8,159.0,1,2,Recovered
75.5,5.7,140.0,2,3,Recovered
71.7,7.2,130.0,3,3,Recovered
68.9,5.5,158.0,2,2,Recovered
82.3,7.4,169.0,4,3,Recovered
97.6,6.2,142.0,2,4,Recovered
37.0,8.4,139.0,2,1,Recovered
74.3,5.3,162.0,3,3,Recovered
81.1,6.1,141.0,2,3,Recovered
50.6,5.2,139.0,3,3,Recovered
29.5,8.4,147.0,2,2,Recovered
29.9,8.0,161.0,3,2,Recovered
42.8,5.7,140.0,3,4,Recovered
77.5,7.2,127.0,3,3,Recovered
46.6,8.0,133.0,2,2,Recovered
22.8,6.9,147.0,2,3,Recovered
35.8,6.9,152.0,2,3,Recovered
47.3,5.6,138.0,4,3,Recovered
72.9,5.1,169.0,3,3,Recovered
95.9,8.3,120.0,2,2,Recovered
99.0,8.1,138.0,3,3,Recovered
63.9,7.1,127.0,3,3,Recovered
57.8,6.0,141.0,3,2,Recovered
69.2,6.0,158.0,2,3,Recovered
71.4,7.7,169.0,2,2,Recovered
93.9,8.3,129.0,3,2,Recovered
50.8,8.2,137.0,1,3,Recovered
100.0,7.8,143.0,2,1,Recovered
62.0,7.2,162.0,4,3,Recovered
80.5,4.9,145.0,4,4,Overtrained
61.9,5.4,162.0,2,4,Recovered
44.3,8.2,126.0,3,2,Recovered
86.9,7.2,138.0,3,2,Recovered
51.9,4.7,138.0,3,4,Recovered
69.3,5.1,120.0,3,3,Recovered
55.6,7.4,153.0,3,2,Recovered
78.2,4.5,137.0,4,4,Overtrained
64.8,5.3,135.0,2,2,Recovered
77.3,6.9,169.0,2,3,Recovered
56.7,7.3,160.0,4,3,Recovered
100.0,7.2,125.0,3,2,Recovered
44.7,5.6,156.0,2,4,Recovered
41.7,7.5,152.0,3,2,Recovered
79.3,5.6,132.0,2,3,Recovered
56.6,5.8,153.0,4,5,Overtrained
40.2,7.8,169.0,3,1,Recovered
72.8,7.3,140.0,3,2,Recovered
43.5,8.2,149.0,4,1,Recovered
50.8,7.2,165.0,3,3,Recovered
100.0,7.0,147.0,2,2,Recovered
87.7,5.0,159.0,3,3,Recovered
47.6,6.2,129.0,4,2,Recovered
55.6,5.6,129.0,3,3,Recovered
77.1,5.5,169.0,2,4,Recovered
61.2,8.6,147.0,3,2,Recovered
70.1,6.4,160.0,2,3,Recovered
52.6,8.2,162.0,4,1,Recovered
53.2,7.2,152.0,3,3,Recovered
61.8,7.9,120.0,3,2,Recovered
64.3,6.7,163.0,4,3,Recovered
37.6,6.9,161.0,3,3,Recovered
33.0,6.7,146.0,3,3,Recovered
61.3,5.6,151.0,2,3,Recovered
41.2,7.5,120.0,3,3,Recovered
59.8,5.7,146.0,3,4,Recovered
70.6,4.8,167.0,3,3,Recovered
67.7,7.3,137.0,2,3,Recovered
53.3,5.5,133.0,3,3,Recovered
54.9,8.6,166.0,1,2,Recovered
39.9,8.6,132.0,2,1,Recovered
38.5,8.4,145.0,4,1,Recovered
55.3,6.2,169.0,2,3,Recovered
58.4,4.7,159.0,4,4,Overtrained
30.5,8.2,141.0,4,2,Recovered
39.4,6.3,138.0,3,3,Recovered
78.6,8.5,169.0,4,3,Recovered
25.6,8.6,161.0,3,2,Recovered
58.6,8.2,158.0,2,1,Recovered
25.5,5.9,127.0,3,3,Recovered
34.2,6.3,135.0,2,2,Recovered
70.1,7.9,156.0,4,2,Recovered
66.3,5.9,127.0,4,3,Recovered
71.1,5.3,129.0,3,3,Recovered
62.0,7.0,169.0,3,1,Recovered
51.1,8.5,167.0,2,1,Recovered
65.7,7.4,163.0,3,2,Recovered
18.1,7.0,144.0,3,1,Recovered
40.9,5.0,130.0,3,5,Recovered
58.3,7.0,159.0,3,3,Recovered
37.5,8.6,152.0,3,2,Recovered
80.9,5.1,143.0,3,4,Recovered
57.8,6.7,169.0,4,2,Recovered
34.0,8.3,131.0,3,2,Recovered
28.4,7.7,120.0,3,3,Recovered
45.4,7.5,152.0,2,2,Recovered
63.8,7.5,126.0,2,3,Recovered
65.8,6.1,139.0,3,3,Recovered
71.9,6.0,167.0,2,2,Recovered
51.3,8.0,147.0,1,1,Recovered
52.5,7.8,165.0,3,2,Recovered
53.2,8.3,169.0,2,1,Recovered
64.8,8.3,146.0,3,2,Recovered
57.2,6.6,149.0,3,3,Recovered
65.1,6.6,126.0,3,3,Recovered
73.5,8.0,159.0,2,2,Recovered
43.0,7.4,156.0,2,1,Recovered
66.5,7.5,125.0,3,2,Recovered
42.5,7.7,154.0,4,2,Recovered
56.0,8.2,123.0,4,3,Recovered
61.7,6.2,167.0,3,1,Recovered
41.2,6.1,134.0,4,4,Overtrained
65.8,5.2,158.0,2,4,Recovered
50.8,7.1,128.0,2,2,Recovered
46.5,4.7,137.0,2,2,Recovered
50.6,6.7,162.0,1,2,Recovered
18.3,6.9,161.0,2,2,Recovered
76.1,5.8,139.0,2,2,Recovered
49.7,7.2,162.0,2,2,Recovered
82.7,4.6,160.0,3,5,Recovered
65.2,4.8,166.0,3,4,Recovered
66.5,7.9,158.0,3,2,Recovered
73.4,6.2,163.0,2,2,Recovered
31.6,5.2,127.0,4,3,Recovered
53.3,6.7,147.0,3,3,Recovered
41.6,7.7,146.0,3,3,Recovered
78.2,5.6,141.0,2,3,Recovered
61.2,7.2,132.0,3,3,Recovered
68.3,5.0,154.0,4,4,Overtrained
64.9,5.0,167.0,1,3,Recovered
41.2,6.8,126.0,2,2,Recovered
40.7,6.9,148.0,3,2,Recovered
91.4,7.0,140.0,4,3,Recovered
71.7,7.4,146.0,3,3,Recovered
69.7,8.5,151.0,4,2,Recovered
50.5,6.8,165.0,3,2,Recovered
90.4,6.0,139.0,3,3,Recovered
63.5,7.9,127.0,3,2,Recovered
55.9,5.7,162.0,3,3,Recovered
66.9,6.5,157.0,3,3,Recovered
58.0,4.9,128.0,4,4,Overtrained
50.0,4.8,167.0,2,4,Recovered
77.1,8.4,158.0,3,2,Recovered
28.0,8.1,158.0,3,2,Recovered
21.5,7.5,165.0,3,2,Recovered
42.8,6.4,124.0,1,3,Recovered
60.0,5.3,152.0,4,3,Recovered
23.3,5.1,124.0,3,4,Recovered
54.6,5.6,159.0,3,4,Recovered
69.7,7.0,123.0,3,2,Recovered
41.6,7.6,140.0,3,2,Recovered
47.9,7.3,169.0,3,3,Recovered
73.7,5.8,137.0,3,2,Recovered
24.3,8.4,169.0,3,2,Recovered
54.3,7.7,140.0,3,1,Recovered
42.8,6.8,167.0,3,2,Recovered
44.3,7.2,152.0,2,3,Recovered
25.4,6.2,136.0,4,3,Recovered
49.2,5.7,154.0,3,2,Recovered
67.6,5.9,164.0,4,3,Recovered
29.3,7.8,142.0,2,3,Recovered
71.9,4.7,121.0,4,3,Recovered
42.0,5.1,159.0,4,3,Recovered
79.4,4.8,120.0,3,4,Recovered
52.2,4.9,143.0,3,4,Recovered
73.1,8.0,128.0,2,2,Recovered
38.8,7.5,140.0,3,1,Recovered
99.6,6.6,156.0,3,4,Recovered
89.2,5.0,136.0,2,4,Recovered
53.8,6.7,140.0,2,3,Recovered
46.4,6.5,120.0,3,2,Recovered
45.8,5.4,153.0,4,3,Recovered
29.4,6.5,151.0,3,2,Recovered
49.4,6.2,130.0,3,3,Recovered
69.5,7.3,125.0,2,3,Recovered
60.9,7.1,160.0,3,3,Recovered
63.3,5.0,165.0,3,3,Recovered
100.0,6.1,137.0,3,4,Recovered
100.0,7.2,126.0,3,2,Recovered
43.1,6.6,156.0,3,3,Recovered
55.7,7.9,126.0,4,3,Recovered
64.0,7.3,142.0,3,2,Recovered
56.4,5.3,150.0,4,3,Recovered
62.1,5.0,169.0,1,3,Recovered
76.7,7.4,155.0,3,1,Recovered
39.7,4.7,120.0,3,4,Recovered
44.3,6.9,134.0,2,4,Recovered
48.7,8.4,153.0,4,1,Recovered
38.3,7.0,125.0,3,2,Recovered
62.5,6.3,143.0,2,3,Recovered
41.2,7.4,124.0,3,2,Recovered
52.7,6.5,126.0,3,3,Recovered
71.8,6.8,153.0,4,2,Recovered
35.2,8.3,154.0,4,2,Recovered
35.8,6.1,121.0,4,3,Recovered
34.1,8.5,146.0,3,1,Recovered
62.6,8.4,134.0,1,2,Recovered
46.3,5.3,154.0,3,4,Recovered
57.8,5.0,129.0,2,3,Recovered
39.4,5.1,140.0,3,3,Recovered
57.9,4.7,169.0,3,4,Recovered
63.4,5.1,162.0,3,3,Recovered
40.5,7.3,167.0,4,3,Recovered
78.7,5.0,141.0,2,3,Recovered
65.0,6.0,166.0,3,4,Recovered
40.4,8.0,152.0,2,2,Recovered
26.1,4.9,169.0,3,3,Recovered
24.8,7.9,169.0,3,2,Recovered
78.7,5.8,136.0,3,3,Recovered
73.5,5.1,134.0,2,3,Recovered
29.5,7.3,131.0,4,2,Recovered
56.6,7.0,166.0,4,3,Recovered
53.2,8.3,166.0,2,1,Recovered
76.3,7.5,164.0,3,3,Recovered
55.7,7.8,130.0,4,3,Recovered
49.4,5.9,135.0,1,4,Recovered
26.8,5.4,158.0,4,3,Recovered
34.6,7.7,137.0,3,2,Recovered
62.0,7.7,148.0,2,2,Recovered
71.0,8.6,140.0,3,1,Recovered
64.2,6.5,158.0,2,2,Recovered
72.5,6.1,159.0,3,4,Recovered
24.5,7.9,138.0,3,1,Recovered
54.3,5.9,150.0,2,4,Recovered
76.7,8.3,149.0,3,2,Recovered
37.9,8.1,164.0,3,3,Recovered
44.1,6.5,154.0,2,2,Recovered
80.7,7.8,155.0,3,2,Recovered
17.5,7.6,127.0,2,3,Recovered
80.3,5.1,150.0,3,3,Recovered
27.4,8.2,129.0,3,3,Recovered
77.3,6.6,139.0,3,3,Recovered
39.7,7.9,167.0,3,2,Recovered
64.7,6.0,156.0,4,2,Recovered
53.8,8.2,122.0,4,2,Recovered
33.7,6.2,167.0,3,4,Recovered
50.5,4.5,157.0,3,4,Recovered
17.0,8.4,133.0,1,2,Recovered
79.8,5.1,149.0,2,3,Recovered
31.2,6.1,146.0,2,2,Recovered
63.3,8.5,144.0,2,2,Recovered
64.4,8.6,132.0,2,1,Recovered
77.9,7.0,153.0,3,2,Recovered
47.7,7.2,156.0,3,2,Recovered
75.7,6.6,164.0,3,2,Recovered
60.0,5.8,124.0,4,3,Recovered
82.2,6.0,155.0,3,3,Recovered
51.5,7.5,125.0,2,2,Recovered
62.2,7.8,154.0,2,2,Recovered
57.8,7.8,122.0,2,2,Recovered
79.1,7.8,165.0,3,2,Recovered
52.4,5.2,155.0,2,4,Recovered
56.8,6.5,127.0,3,4,Recovered
66.5,5.0,162.0,1,2,Recovered
47.4,6.9,148.0,2,3,Recovered
58.7,6.5,147.0,3,2,Recovered
59.8,8.3,166.0,2,2,Recovered
59.5,5.9,169.0,4,4,Overtrained
63.5,5.2,125.0,2,3,Recovered
68.0,5.4,169.0,1,2,Recovered
74.0,7.5,131.0,5,3,Recovered
27.7,7.2,151.0,3,1,Recovered
38.3,5.1,128.0,3,3,Recovered
66.5,4.9,136.0,4,4,Overtrained
64.6,7.4,130.0,3,2,Recovered
30.3,5.0,148.0,4,3,Recovered
45.8,8.0,120.0,3,2,Recovered
71.4,7.4,138.0,3,3,Recovered
65.7,5.0,160.0,3,3,Recovered
81.0,5.0,123.0,2,3,Recovered
100.0,8.7,122.0,2,1,Recovered
54.0,6.1,150.0,3,3,Recovered
73.1,6.3,127.0,2,3,Recovered
61.6,8.0,163.0,3,2,Recovered
28.4,8.5,130.0,2,2,Recovered
29.6,8.5,130.0,3,1,Recovered
93.9,7.7,133.0,2,2,Recovered
54.1,6.1,135.0,4,3,Recovered
22.8,4.8,120.0,4,3,Recovered
57.7,7.7,154.0,4,2,Recovered
67.2,6.7,169.0,3,3,Recovered
39.6,6.5,169.0,3,3,Recovered
49.6,8.4,155.0,2,1,Recovered
39.2,5.0,138.0,3,4,Recovered
65.2,6.6,140.0,4,3,Recovered
60.2,4.7,150.0,3,4,Recovered
65.0,6.4,123.0,4,3,Recovered
17.0,4.9,169.0,3,3,Recovered
73.2,5.3,148.0,2,3,Recovered
95.8,5.1,141.0,4,4,Overtrained
32.4,7.2,165.0,3,1,Recovered
51.8,7.7,138.0,3,2,Recovered
88.7,7.0,124.0,3,3,Recovered
47.2,8.5,125.0,2,1,Recovered
42.9,6.3,126.0,2,2,Recovered
48.2,5.7,128.0,4,3,Recovered
60.7,8.2,167.0,2,2,Recovered
92.0,5.6,150.0,3,4,Recovered
66.1,8.4,120.0,2,2,Recovered
45.5,4.7,120.0,3,4,Recovered
48.0,8.7,168.0,3,2,Recovered
25.7,4.9,169.0,2,3,Recovered
66.6,8.2,133.0,4,2,Recovered
74.8,6.9,120.0,2,3,Recovered
66.4,8.6,150.0,3,2,Recovered
26.8,5.1,120.0,2,2,Recovered
57.8,7.0,140.0,3,2,Recovered
91.6,8.5,158.0,4,2,Recovered
86.3,6.8,152.0,3,2,Recovered
48.1,7.1,164.0,3,3,Recovered
83.4,7.4,161.0,2,2,Recovered
49.3,6.5,153.0,2,3,Recovered
48.6,7.0,149.0,4,3,Recovered
51.2,7.0,145.0,4,2,Recovered
58.9,8.3,132.0,4,2,Recovered
87.9,4.9,144.0,3,3,Recovered
45.8,5.7,128.0,3,4,Recovered
47.1,8.5,131.0,3,2,Recovered
70.0,8.3,158.0,3,1,Recovered
73.0,6.5,143.0,2,4,Recovered
67.6,7.0,167.0,4,3,Recovered
42.1,5.8,167.0,2,4,Recovered
53.0,5.4,136.0,4,3,Recovered
62.3,6.5,130.0,4,3,Recovered
72.7,6.1,120.0,3,3,Recovered
53.2,7.0,162.0,3,3,Recovered
62.4,4.9,128.0,3,4,Recovered
57.8,8.6,162.0,3,2,Recovered
33.4,8.4,153.0,3,2,Recovered
60.8,7.3,156.0,4,2,Recovered
34.4,6.7,122.0,4,3,Recovered
46.6,5.8,147.0,4,4,Overtrained
38.4,7.9,126.0,3,2,Recovered
40.9,7.5,169.0,2,2,Recovered
42.0,5.4,160.0,3,4,Recovered
34.8,8.3,133.0,4,1,Recovered
57.8,8.0,146.0,3,1,Recovered
68.4,8.4,138.0,3,2,Recovered
32.5,7.6,156.0,2,2,Recovered
73.2,7.3,168.0,1,2,Recovered
69.7,6.3,135.0,3,4,Recovered
62.0,8.5,147.0,2,2,Recovered
35.0,8.2,134.0,2,2,Recovered
38.8,5.0,125.0,3,2,Recovered
43.7,4.8,126.0,4,3,Recovered
87.7,6.3,142.0,2,3,Recovered
70.9,7.8,161.0,3,1,Recovered
39.7,8.6,156.0,2,2,Recovered
63.5,5.2,153.0,3,3,Recovered
26.6,6.9,169.0,4,5,Overtrained
42.5,6.3,161.0,2,4,Recovered
69.0,8.7,135.0,2,1,Recovered
59.7,8.0,140.0,3,2,Recovered
43.9,8.1,150.0,2,2,Recovered
90.8,6.4,150.0,4,4,Overtrained
62.1,6.4,169.0,2,2,Recovered
57.6,5.9,149.0,2,2,Recovered
48.2,4.7,169.0,5,4,Overtrained
48.5,8.3,131.0,1,2,Recovered
89.5,7.9,146.0,2,2,Recovered
73.0,8.6,135.0,3,2,Recovered
67.9,8.8,126.0,3,1,Recovered
24.9,6.7,162.0,5,2,Recovered
54.1,7.8,135.0,2,2,Recovered
27.3,8.3,145.0,4,2,Recovered
73.5,8.1,133.0,2,1,Recovered
26.1,5.7,134.0,3,3,Recovered
44.0,6.4,148.0,4,3,Recovered
24.2,5.3,122.0,2,3,Recovered
38.4,8.5,134.0,3,1,Recovered
67.1,7.0,124.0,3,3,Recovered
62.3,5.6,164.0,3,3,Recovered
44.1,7.4,169.0,3,1,Recovered
39.5,7.2,137.0,2,2,Recovered
92.9,5.9,155.0,3,4,Recovered
82.6,5.1,137.0,4,4,Overtrained
39.2,7.4,150.0,3,2,Recovered
68.1,6.8,135.0,3,2,Recovered
51.5,7.7,142.0,2,2,Recovered
76.4,6.8,162.0,3,1,Recovered
62.5,8.1,164.0,2,2,Recovered
57.8,6.8,157.0,3,3,Recovered
81.9,6.7,127.0,4,2,Recovered
98.2,8.3,140.0,2,1,Recovered
60.7,6.2,168.0,4,3,Recovered
77.9,5.2,169.0,2,4,Recovered
65.2,4.8,131.0,3,3,Recovered
68.6,7.6,152.0,3,2,Recovered
100.0,7.3,158.0,3,1,Recovered
60.2,7.6,169.0,1,2,Recovered
80.5,5.7,148.0,4,4,Overtrained
41.6,5.1,121.0,4,4,Overtrained
57.2,4.9,169.0,2,3,Recovered
38.3,6.0,157.0,3,3,Recovered
64.0,7.1,135.0,3,2,Recovered
58.7,6.3,168.0,3,2,Recovered
52.3,6.5,158.0,2,3,Recovered
100.0,8.3,141.0,3,2,Recovered
40.1,5.9,144.0,3,3,Recovered
52.7,6.8,130.0,2,2,Recovered
75.9,7.7,167.0,3,3,Recovered
45.6,6.3,156.0,2,3,Recovered
61.9,7.1,122.0,3,2,Recovered
40.8,7.9,143.0,4,3,Recovered
60.2,8.5,152.0,2,1,Recovered
38.3,5.2,164.0,3,3,Recovered
100.0,8.5,128.0,2,1,Recovered
42.5,6.7,136.0,3,2,Recovered
39.1,5.6,142.0,3,4,Recovered
70.4,6.5,155.0,4,2,Recovered
62.6,8.6,150.0,4,1,Recovered
87.7,6.7,135.0,2,1,Recovered
72.1,6.0,137.0,3,3,Recovered
58.6,7.2,139.0,2,2,Recovered
62.1,5.6,152.0,3,3,Recovered
66.1,5.1,169.0,2,3,Recovered
48.2,5.1,136.0,4,3,Recovered
52.7,5.0,157.0,3,4,Recovered
58.7,5.3,146.0,2,3,Recovered
43.5,5.3,143.0,3,3,Recovered
72.8,7.4,157.0,2,1,Recovered
55.7,5.4,138.0,3,3,Recovered
40.1,6.0,120.0,3,4,Recovered
41.0,8.2,120.0,4,2,Recovered
59.9,6.5,153.0,3,3,Recovered
41.6,7.4,154.0,4,2,Recovered
40.2,5.3,151.0,4,3,Recovered
68.4,5.5,166.0,3,3,Recovered
64.4,4.8,166.0,4,4,Overtrained
43.0,5.2,146.0,3,4,Recovered
59.6,5.8,152.0,2,3,Recovered
76.3,5.5,142.0,2,2,Recovered
70.7,5.2,138.0,2,2,Recovered
65.9,5.2,126.0,2,3,Recovered
100.0,6.5,129.0,2,2,Recovered
49.2,5.5,124.0,3,2,Recovered
73.1,6.3,162.0,2,3,Recovered
52.1,6.7,120.0,2,2,Recovered
61.2,7.6,120.0,3,2,Recovered
100.0,5.0,139.0,3,3,Recovered
45.8,7.9,165.0,3,1,Recovered
65.5,7.2,163.0,4,3,Recovered
37.5,5.0,130.0,3,4,Recovered
39.8,8.2,141.0,1,1,Recovered
40.5,8.3,142.0,3,2,Recovered
63.4,4.7,169.0,4,4,Overtrained
80.6,5.9,168.0,2,3,Recovered
29.9,7.9,124.0,3,1,Recovered
65.9,7.7,131.0,2,1,Recovered
79.0,5.3,169.0,3,3,Recovered
23.5,5.4,159.0,2,3,Recovered
70.8,6.0,169.0,3,3,Recovered
34.4,6.6,120.0,2,2,Recovered
100.0,7.1,169.0,4,2,Recovered
36.0,6.2,167.0,3,3,Recovered
58.8,6.7,137.0,3,2,Recovered
58.5,7.5,124.0,2,3,Recovered
63.4,4.8,133.0,2,3,Recovered
50.1,5.7,123.0,3,4,Recovered
43.5,7.5,120.0,4,2,Recovered
77.1,8.3,162.0,4,2,Recovered
47.3,6.8,135.0,3,3,Recovered
82.4,6.7,137.0,3,3,Recovered
66.6,5.0,154.0,3,4,Recovered
47.9,6.4,158.0,3,3,Recovered
58.9,6.6,144.0,4,4,Overtrained
65.7,5.7,122.0,3,2,Recovered
76.3,5.7,123.0,3,3,Recovered
100.0,6.1,141.0,4,3,Recovered
34.4,4.9,128.0,2,4,Recovered
100.0,5.9,151.0,3,3,Recovered
51.3,5.4,122.0,3,3,Recovered
77.1,6.1,169.0,1,2,Recovered
90.2,5.0,136.0,3,4,Recovered
37.9,8.2,154.0,3,2,Recovered
53.4,7.0,127.0,3,3,Recovered
55.2,7.3,168.0,3,2,Recovered
62.5,7.8,169.0,3,3,Recovered
54.0,6.5,123.0,4,4,Overtrained
100.0,4.8,137.0,4,5,Overtrained
56.0,6.8,169.0,3,2,Recovered
68.9,6.9,129.0,3,3,Recovered
80.0,7.7,156.0,3,1,Recovered
31.8,6.4,164.0,3,2,Recovered
96.7,5.3,126.0,2,3,Recovered
64.8,5.6,163.0,3,4,Recovered
36.4,6.2,149.0,3,2,Recovered
83.0,7.3,159.0,2,2,Recovered
71.0,6.9,132.0,3,3,Recovered
46.9,6.1,168.0,3,2,Recovered
49.7,8.6,136.0,4,2,Recovered
45.8,7.2,159.0,3,2,Recovered
71.6,5.5,153.0,3,3,Recovered
68.0,5.0,146.0,4,3,Recovered
18.8,5.4,127.0,2,2,Recovered
44.4,5.7,151.0,2,3,Recovered
32.0,5.2,165.0,3,3,Recovered
43.2,5.3,156.0,3,3,Recovered
61.6,5.7,130.0,2,3,Recovered
77.5,5.5,138.0,1,3,Recovered
58.8,8.1,155.0,3,3,Recovered
27.8,5.0,168.0,4,3,Recovered
55.5,6.9,126.0,3,3,Recovered
56.8,6.3,168.0,3,2,Recovered
71.1,8.6,147.0,3,2,Recovered
51.5,4.9,168.0,4,3,Recovered
56.0,6.1,167.0,4,3,Recovered
58.3,8.7,144.0,2,1,Recovered
72.4,8.3,144.0,2,2,Recovered
57.8,7.9,169.0,3,3,Recovered
91.3,5.5,120.0,4,4,Overtrained
38.3,5.3,169.0,3,3,Recovered
83.3,7.5,155.0,2,2,Recovered
70.1,8.4,148.0,2,2,Recovered
58.9,6.8,143.0,4,3,Recovered
66.2,7.0,153.0,2,1,Recovered
47.3,5.8,145.0,2,3,Recovered
97.6,7.7,169.0,2,2,Recovered
45.1,5.4,142.0,2,3,Recovered
68.5,5.8,163.0,3,2,Recovered
28.3,6.2,155.0,3,3,Recovered
52.0,6.7,152.0,2,3,Recovered
34.0,5.8,143.0,3,3,Recovered
24.5,5.2,154.0,3,4,Recovered
69.9,7.1,151.0,3,3,Recovered
73.4,6.0,120.0,3,2,Recovered
50.4,7.0,169.0,2,1,Recovered
34.4,5.2,169.0,3,3,Recovered
75.7,6.6,155.0,3,3,Recovered
71.6,6.8,134.0,4,3,Recovered
40.3,4.8,137.0,2,4,Recovered
51.2,6.0,155.0,2,3,Recovered
72.0,5.2,169.0,3,3,Recovered
48.1,4.9,132.0,3,3,Recovered
43.5,8.6,153.0,2,2,Recovered
61.9,5.9,164.0,3,4,Recovered
48.5,7.9,152.0,4,1,Recovered
42.5,5.7,132.0,3,4,Recovered
38.4,7.4,135.0,4,2,Recovered
40.7,7.8,138.0,2,2,Recovered
63.5,7.1,148.0,4,2,Recovered
47.7,6.5,167.0,3,3,Recovered
59.2,6.2,130.0,4,3,Recovered
83.1,5.9,137.0,3,3,Recovered
77.6,8.3,169.0,3,2,Recovered
66.3,8.0,150.0,3,2,Recovered
51.8,8.6,135.0,2,1,Recovered
70.7,5.1,140.0,3,3,Recovered
73.2,7.5,168.0,3,2,Recovered
46.0,8.4,169.0,3,2,Recovered
66.0,5.4,125.0,2,3,Recovered
95.0,5.0,160.0,1,4,Recovered
47.0,7.8,141.0,2,2,Recovered
44.7,7.1,155.0,3,3,Recovered
73.1,8.2,137.0,3,2,Recovered
37.6,5.2,136.0,4,3,Recovered
50.0,7.8,166.0,3,1,Recovered
47.4,5.4,144.0,3,3,Recovered
37.5,5.5,169.0,2,3,Recovered
37.8,5.5,132.0,1,3,Recovered
46.5,7.9,138.0,3,2,Recovered
54.6,7.3,164.0,3,2,Recovered
43.7,6.7,140.0,3,3,Recovered
50.8,6.0,155.0,3,3,Recovered
74.4,8.0,137.0,4,3,Recovered
66.1,6.4,147.0,3,3,Recovered
44.3,8.0,141.0,3,2,Recovered
53.5,6.6,131.0,2,2,Recovered
64.5,6.0,137.0,3,4,Recovered
89.2,6.7,142.0,2,3,Recovered
63.8,6.0,144.0,3,2,Recovered
76.2,7.8,146.0,2,1,Recovered
75.9,6.6,145.0,3,2,Recovered
35.1,5.5,121.0,4,4,Overtrained
78.9,8.1,151.0,4,3,Recovered
77.9,6.1,136.0,3,3,Recovered
37.6,6.7,162.0,4,2,Recovered
43.4,8.2,125.0,3,2,Recovered
54.5,7.3,129.0,4,2,Recovered
27.3,5.3,135.0,1,3,Recovered
72.1,8.6,125.0,2,1,Recovered
61.1,7.1,142.0,3,2,Recovered
61.5,5.9,139.0,2,3,Recovered
40.6,5.1,128.0,3,4,Recovered
99.3,7.9,122.0,3,1,Recovered
32.2,7.1,144.0,3,4,Recovered
88.1,6.8,159.0,3,3,Recovered
82.8,8.2,160.0,3,2,Recovered
62.9,7.8,128.0,2,2,Recovered
92.6,5.3,131.0,3,3,Recovered
24.7,5.9,142.0,2,3,Recovered
55.2,5.7,139.0,3,4,Recovered
20.6,7.5,134.0,4,3,Recovered
43.2,4.7,167.0,2,3,Recovered
47.4,7.0,153.0,3,3,Recovered
55.6,7.6,160.0,3,2,Recovered
22.9,8.0,145.0,3,3,Recovered
23.6,6.0,120.0,3,3,Recovered
65.9,7.8,152.0,3,3,Recovered
59.6,5.1,123.0,2,3,Recovered
54.0,8.1,126.0,2,1,Recovered
58.7,5.1,142.0,4,5,Overtrained
41.3,6.2,167.0,4,4,Overtrained
60.8,7.9,137.0,4,2,Recovered
55.2,5.4,133.0,2,2,Recovered
45.6,5.7,169.0,2,3,Recovered
80.5,7.6,141.0,3,2,Recovered
66.4,7.7,151.0,1,2,Recovered
44.9,7.4,167.0,3,2,Recovered
48.9,7.4,156.0,2,3,Recovered
49.4,6.8,149.0,2,3,Recovered
63.8,5.8,136.0,4,3,Recovered
61.2,5.9,142.0,3,3,Recovered
76.7,5.4,135.0,3,4,Recovered
67.5,8.4,169.0,2,2,Recovered
67.6,6.9,138.0,3,4,Recovered
84.5,6.1,141.0,4,3,Recovered
36.2,6.3,155.0,3,3,Recovered
63.3,8.4,145.0,4,1,Recovered
57.8,5.2,153.0,2,4,Recovered
61.0,6.9,146.0,3,2,Recovered
100.0,6.7,129.0,2,3,Recovered
64.3,7.0,158.0,3,2,Recovered
56.9,4.6,156.0,3,3,Recovered
32.2,8.1,159.0,3,2,Recovered
55.8,8.3,135.0,4,1,Recovered
49.7,7.1,153.0,1,2,Recovered
48.8,7.5,125.0,3,1,Recovered
64.4,8.2,138.0,3,2,Recovered
96.5,7.3,167.0,4,2,Recovered
52.0,5.3,130.0,3,3,Recovered
17.0,7.0,142.0,3,3,Recovered
64.7,7.2,120.0,3,2,Recovered
72.5,6.4,159.0,3,2,Recovered
62.7,7.6,146.0,3,2,Recovered
34.3,8.5,154.0,2,1,Recovered
77.7,8.4,140.0,3,2,Recovered
100.0,6.4,134.0,2,2,Recovered
65.9,5.1,138.0,3,4,Recovered
64.7,8.6,122.0,3,1,Recovered
71.1,8.0,134.0,2,2,Recovered
21.0,5.0,160.0,3,4,Recovered
78.8,8.5,137.0,2,2,Recovered
54.3,8.1,169.0,3,2,Recovered
27.7,6.8,145.0,3,2,Recovered
69.5,7.0,135.0,3,2,Recovered
64.8,6.3,158.0,2,3,Recovered
79.6,4.7,120.0,3,4,Recovered
30.1,6.0,163.0,2,3,Recovered
43.0,7.9,169.0,3,2,Recovered
33.4,4.8,149.0,2,4,Recovered
57.4,5.9,156.0,4,3,Recovered
49.2,6.4,169.0,3,2,Recovered
57.8,6.8,123.0,2,4,Recovered
34.0,8.5,156.0,2,1,Recovered
43.3,6.1,169.0,2,2,Recovered
31.6,6.1,155.0,3,3,Recovered
66.9,7.6,152.0,3,2,Recovered
49.8,6.5,131.0,3,2,Recovered
100.0,5.6,123.0,3,3,Recovered
27.1,6.5,139.0,2,2,Recovered
42.9,5.2,165.0,3,4,Recovered
88.4,5.5,152.0,3,3,Recovered
40.5,6.5,167.0,3,4,Recovered
83.1,6.5,169.0,2,2,Recovered
64.6,8.5,144.0,1,1,Recovered
54.5,6.2,137.0,3,1,Recovered
41.1,7.1,162.0,1,2,Recovered
46.8,7.1,143.0,3,3,Recovered
62.1,4.7,146.0,4,4,Overtrained
30.0,7.3,151.0,3,2,Recovered
58.7,5.2,164.0,3,4,Recovered
43.0,8.4,142.0,4,2,Recovered
54.5,5.1,146.0,3,4,Recovered
59.3,6.4,136.0,3,3,Recovered
62.0,5.0,155.0,3,3,Recovered
70.6,8.7,148.0,3,2,Recovered
56.0,6.7,140.0,3,3,Recovered
72.1,7.1,144.0,3,2,Recovered
50.3,4.8,159.0,4,4,Overtrained
62.2,7.7,127.0,2,3,Recovered
72.5,5.5,124.0,2,3,Recovered
45.1,8.4,137.0,3,2,Recovered
58.6,5.4,157.0,3,3,Recovered
77.5,5.4,126.0,4,4,Overtrained
70.4,4.6,133.0,3,4,Recovered
51.7,6.5,131.0,3,3,Recovered
48.4,7.0,149.0,3,2,Recovered
48.0,4.8,134.0,4,4,Overtrained
51.9,7.9,164.0,3,2,Recovered
81.9,6.6,135.0,2,2,Recovered
39.7,6.8,165.0,1,3,Recovered
26.1,6.4,133.0,4,3,Recovered
60.3,6.2,166.0,3,3,Recovered
57.8,6.9,135.0,3,3,Recovered
26.9,5.3,169.0,3,3,Recovered
39.6,5.5,164.0,2,3,Recovered
45.3,8.1,160.0,3,1,Recovered
64.7,8.4,159.0,4,2,Recovered
55.9,6.3,133.0,1,3,Recovered
46.4,5.8,153.0,3,3,Recovered
57.7,7.1,136.0,3,2,Recovered
56.1,6.2,169.0,3,4,Recovered
38.5,4.8,137.0,3,4,Recovered
63.2,5.2,167.0,3,3,Recovered
39.7,7.6,130.0,2,1,Recovered
55.2,7.4,156.0,2,2,Recovered
32.4,4.7,150.0,3,4,Recovered
57.8,5.5,136.0,2,3,Recovered
36.3,5.4,169.0,4,4,Overtrained
70.8,7.4,125.0,2,1,Recovered
90.2,4.7,158.0,4,4,Overtrained
57.1,5.1,169.0,3,3,Recovered
56.6,7.9,134.0,2,2,Recovered
82.0,5.3,148.0,3,3,Recovered
57.8,7.3,169.0,3,3,Recovered
74.1,5.6,167.0,3,2,Recovered
54.8,5.0,138.0,3,4,Recovered
95.5,5.6,135.0,3,3,Recovered
72.6,7.6,143.0,3,2,Recovered
63.4,8.1,120.0,3,2,Recovered
57.8,8.0,132.0,3,2,Recovered
100.0,6.4,169.0,4,2,Recovered
78.3,7.5,139.0,4,1,Recovered
53.3,5.4,161.0,4,4,Overtrained
60.6,5.9,160.0,3,3,Recovered
38.5,8.3,169.0,2,2,Recovered
50.9,4.8,145.0,1,4,Recovered
46.3,5.1,137.0,2,3,Recovered
32.9,5.5,169.0,3,3,Recovered
42.2,4.8,169.0,3,3,Recovered
28.1,5.5,149.0,3,3,Recovered
62.9,7.1,145.0,2,2,Recovered
47.9,6.5,136.0,3,2,Recovered
37.2,8.4,132.0,1,1,Recovered
50.7,8.0,123.0,2,3,Recovered
48.7,5.9,165.0,3,4,Recovered
77.4,5.7,151.0,4,3,Recovered
93.6,6.2,137.0,4,3,Recovered
77.7,7.1,169.0,3,2,Recovered
97.6,5.7,152.0,3,4,Recovered
17.0,7.0,141.0,4,3,Recovered
77.2,6.3,169.0,3,3,Recovered
32.6,6.9,121.0,3,3,Recovered
44.1,6.5,140.0,4,2,Recovered
62.6,5.7,131.0,3,4,Recovered
60.1,8.3,138.0,4,2,Recovered
42.6,7.8,146.0,3,3,Recovered
64.2,5.4,144.0,3,3,Recovered
64.6,8.0,144.0,4,2,Recovered
58.3,6.7,146.0,2,1,Recovered
19.6,8.2,122.0,3,2,Recovered
57.8,7.8,139.0,3,2,Recovered
45.0,6.3,167.0,3,3,Recovered
100.0,4.8,131.0,3,3,Recovered
68.5,5.8,126.0,2,3,Recovered
99.0,6.9,156.0,3,3,Recovered
59.3,7.1,128.0,3,3,Recovered
34.0,5.7,164.0,2,2,Recovered
81.6,5.3,143.0,3,3,Recovered
69.0,8.1,142.0,2,2,Recovered
69.9,8.6,128.0,2,1,Recovered
99.4,6.7,169.0,4,4,Overtrained
67.8,5.4,165.0,2,3,Recovered
93.8,5.9,160.0,2,3,Recovered
71.6,4.6,169.0,3,5,Recovered
53.4,8.3,139.0,3,3,Recovered
54.9,5.2,160.0,3,3,Recovered
56.2,7.0,130.0,3,2,Recovered
68.7,5.7,167.0,3,3,Recovered
62.1,7.0,140.0,2,2,Recovered
42.5,7.2,142.0,3,3,Recovered
57.8,7.9,120.0,3,2,Recovered
62.4,5.4,132.0,4,4,Overtrained
75.0,4.6,122.0,4,5,Overtrained
72.3,5.3,151.0,2,3,Recovered
51.5,8.3,152.0,2,2,Recovered
64.8,8.3,127.0,1,1,Recovered
20.6,7.1,135.0,3,1,Recovered
57.2,7.1,164.0,2,3,Recovered
69.4,7.3,139.0,2,2,Recovered
64.1,5.4,156.0,3,3,Recovered
79.1,8.4,169.0,3,2,Recovered
82.7,6.3,163.0,4,3,Recovered
95.8,6.1,132.0,3,4,Recovered
92.9,6.7,140.0,4,3,Recovered
54.9,4.9,161.0,2,3,Recovered
23.3,5.5,135.0,3,3,Recovered
48.3,7.6,153.0,3,2,Recovered
56.1,5.1,133.0,2,3,Recovered
66.2,7.1,137.0,3,2,Recovered
34.1,5.6,131.0,2,3,Recovered
75.0,6.3,144.0,3,3,Recovered
72.7,5.9,158.0,3,3,Recovered
92.1,6.1,167.0,2,3,Recovered
52.8,7.6,129.0,2,2,Recovered
55.6,5.7,136.0,4,3,Recovered
80.8,7.1,149.0,1,2,Recovered
35.3,6.4,150.0,4,4,Overtrained
62.9,7.2,135.0,3,3,Recovered
41.1,8.4,145.0,2,2,Recovered
100.0,7.5,169.0,2,3,Recovered
51.4,5.5,144.0,4,3,Recovered
52.9,4.7,149.0,3,3,Recovered
17.6,5.5,129.0,3,4,Recovered
41.8,6.9,125.0,3,3,Recovered
52.9,4.7,154.0,3,4,Recovered
97.6,6.6,150.0,4,3,Recovered
69.1,7.1,168.0,3,3,Recovered
65.4,6.0,150.0,2,3,Recovered
39.9,7.9,128.0,2,2,Recovered
70.9,5.1,133.0,3,4,Recovered
56.1,4.9,157.0,3,4,Recovered
57.4,7.6,169.0,2,2,Recovered
71.6,6.7,146.0,2,2,Recovered
56.4,7.4,163.0,4,2,Recovered
61.9,6.4,165.0,2,2,Recovered
40.1,5.8,152.0,2,2,Recovered
61.9,8.0,151.0,3,2,Recovered
53.1,7.9,157.0,2,3,Recovered
52.3,7.4,148.0,2,2,Recovered
44.6,5.7,130.0,4,3,Recovered
70.9,7.2,159.0,3,2,Recovered
69.5,6.1,161.0,2,3,Recovered
76.9,5.2,136.0,1,3,Recovered
56.6,8.4,146.0,3,2,Recovered
20.2,5.3,139.0,2,2,Recovered
53.4,8.5,151.0,3,1,Recovered
49.4,6.6,135.0,2,2,Recovered
51.1,5.3,155.0,3,4,Recovered
80.9,6.8,141.0,2,2,Recovered
84.6,8.1,141.0,4,1,Recovered
67.3,7.5,151.0,3,3,Recovered
47.6,7.7,140.0,3,3,Recovered
32.0,7.2,141.0,3,2,Recovered
72.1,7.3,161.0,3,2,Recovered
60.3,8.2,145.0,2,1,Recovered
61.0,5.5,137.0,4,4,Overtrained
76.5,6.7,161.0,3,2,Recovered
75.4,5.5,169.0,3,4,Recovered
89.0,8.7,145.0,3,1,Recovered
43.3,8.5,122.0,3,1,Recovered
63.5,4.7,146.0,3,4,Recovered
39.7,7.3,169.0,4,3,Recovered
28.3,8.5,139.0,3,1,Recovered
49.5,5.4,169.0,3,4,Recovered
60.0,7.0,164.0,2,1,Recovered
46.7,8.4,168.0,4,2,Recovered
45.7,4.7,132.0,3,4,Recovered
100.0,7.4,169.0,3,3,Recovered
66.7,5.9,163.0,3,3,Recovered
100.0,8.4,137.0,3,2,Recovered
56.9,8.5,140.0,2,1,Recovered
65.9,8.6,168.0,3,1,Recovered
45.3,6.7,169.0,2,3,Recovered
73.2,8.1,160.0,3,2,Recovered
87.3,8.0,138.0,3,3,Recovered
46.4,6.1,120.0,2,2,Recovered
31.9,7.9,157.0,3,2,Recovered
46.4,4.7,154.0,4,5,Overtrained
32.4,7.1,159.0,3,3,Recovered
46.2,5.6,163.0,4,3,Recovered
38.1,5.2,131.0,3,3,Recovered
46.5,5.0,132.0,3,3,Recovered
57.8,7.6,132.0,2,2,Recovered
20.9,6.0,140.0,3,3,Recovered
54.7,7.5,160.0,2,3,Recovered
71.2,5.0,134.0,3,3,Recovered
65.3,6.1,138.0,1,2,Recovered
78.2,6.8,162.0,3,3,Recovered
26.1,7.8,127.0,4,2,Recovered
54.0,6.1,131.0,2,3,Recovered
38.0,7.3,131.0,1,2,Recovered
66.2,8.3,138.0,3,1,Recovered
52.3,7.1,162.0,4,3,Recovered
61.3,5.4,123.0,3,3,Recovered
62.5,4.7,143.0,3,4,Recovered
48.3,8.2,152.0,3,2,Recovered
61.2,4.8,156.0,2,3,Recovered
63.0,8.1,157.0,4,2,Recovered
29.0,6.7,133.0,4,4,Overtrained
64.9,8.4,169.0,3,2,Recovered
51.9,8.0,149.0,2,2,Recovered
38.9,8.7,120.0,2,2,Recovered
64.2,6.2,141.0,1,3,Recovered
42.0,7.7,132.0,3,2,Recovered
69.3,6.3,140.0,2,2,Recovered
64.1,6.6,139.0,3,3,Recovered
98.3,7.0,128.0,5,3,Recovered
41.7,8.1,169.0,3,2,Recovered
63.9,8.7,153.0,2,2,Recovered
54.5,7.8,168.0,3,2,Recovered
33.5,6.4,131.0,2,2,Recovered
60.7,6.3,126.0,3,3,Recovered
69.2,7.8,139.0,3,2,Recovered
47.1,5.8,142.0,2,3,Recovered
51.4,5.2,124.0,1,3,Recovered
95.9,6.0,133.0,4,3,Recovered
60.6,5.7,135.0,4,4,Overtrained
44.2,5.9,137.0,3,3,Recovered
98.7,5.5,167.0,4,2,Recovered
45.1,4.7,133.0,3,4,Recovered
77.5,4.8,169.0,3,4,Recovered
86.0,8.6,158.0,3,2,Recovered
71.7,6.4,169.0,4,2,Recovered
53.0,6.3,165.0,2,2,Recovered
36.9,7.3,139.0,2,2,Recovered
67.0,5.5,164.0,3,2,Recovered
72.1,8.6,127.0,3,1,Recovered
84.5,7.7,152.0,3,2,Recovered
28.0,5.1,162.0,4,3,Recovered
56.7,6.3,164.0,2,3,Recovered
60.9,8.2,157.0,3,2,Recovered
50.5,8.5,169.0,2,3,Recovered
64.0,6.4,166.0,4,2,Recovered
38.5,7.3,120.0,3,3,Recovered
45.9,5.4,148.0,2,4,Recovered
51.4,8.8,143.0,3,1,Recovered
47.7,5.6,133.0,3,3,Recovered
35.6,8.4,153.0,3,2,Recovered
49.0,7.3,155.0,2,2,Recovered
82.2,7.1,169.0,2,3,Recovered
47.2,6.8,136.0,2,3,Recovered
50.5,5.7,141.0,2,3,Recovered
27.7,5.3,124.0,3,3,Recovered
35.9,5.5,141.0,3,3,Recovered
84.0,5.3,169.0,4,3,Recovered
49.2,7.7,153.0,2,3,Recovered
41.1,6.1,130.0,3,2,Recovered
27.9,5.0,135.0,2,3,Recovered
59.9,8.7,136.0,2,1,Recovered
71.4,8.2,130.0,3,1,Recovered
47.6,8.3,145.0,4,2,Recovered
100.0,8.8,161.0,3,1,Recovered
41.1,5.3,165.0,4,3,Recovered
41.4,6.2,158.0,3,3,Recovered
42.2,7.6,141.0,3,3,Recovered
47.2,7.6,149.0,1,1,Recovered
69.4,5.3,126.0,2,2,Recovered
61.6,7.8,135.0,5,2,Recovered
54.0,5.5,133.0,3,4,Recovered
34.7,5.4,165.0,3,4,Recovered
100.0,6.7,140.0,2,3,Recovered
40.9,7.1,146.0,2,2,Recovered
59.3,6.9,155.0,4,2,Recovered
71.7,5.1,169.0,3,4,Recovered
89.3,8.1,158.0,3,2,Recovered
92.1,5.9,132.0,2,2,Recovered
37.0,5.1,148.0,3,4,Recovered
56.9,8.2,144.0,4,1,Recovered
62.1,8.5,133.0,1,2,Recovered
44.0,8.0,134.0,2,2,Recovered
54.7,8.0,142.0,2,1,Recovered
24.6,7.2,162.0,3,3,Recovered
42.5,6.8,135.0,4,3,Recovered
43.2,5.1,158.0,2,4,Recovered
52.9,6.3,168.0,2,2,Recovered
60.5,6.1,155.0,4,3,Recovered
67.9,5.8,164.0,3,3,Recovered
77.7,7.4,169.0,4,2,Recovered
69.4,6.6,129.0,3,3,Recovered
53.0,5.1,130.0,3,4,Recovered
22.8,5.6,155.0,3,3,Recovered
56.1,7.3,134.0,3,3,Recovered
56.6,5.0,169.0,2,3,Recovered
56.8,8.0,162.0,3,3,Recovered
60.6,6.5,168.0,3,3,Recovered
66.5,6.6,160.0,2,3,Recovered
48.9,7.0,133.0,2,2,Recovered
64.7,7.9,157.0,3,1,Recovered
66.1,6.1,157.0,3,3,Recovered
70.2,7.3,141.0,3,1,Recovered
78.1,7.0,135.0,2,2,Recovered
44.5,5.8,132.0,2,3,Recovered
27.1,8.1,153.0,2,2,Recovered
59.7,7.8,139.0,3,3,Recovered
69.2,7.3,148.0,3,3,Recovered
37.5,8.1,139.0,4,1,Recovered
100.0,8.2,169.0,3,2,Recovered
79.4,7.3,121.0,3,3,Recovered
39.5,7.9,146.0,3,1,Recovered
60.7,7.6,169.0,3,1,Recovered
58.3,7.3,148.0,4,2,Recovered
55.6,7.1,120.0,2,2,Recovered
91.1,7.8,142.0,1,2,Recovered
75.1,5.2,162.0,4,3,Recovered
59.7,8.3,129.0,2,1,Recovered
63.5,8.2,153.0,2,2,Recovered
45.1,4.7,131.0,3,4,Recovered
48.1,8.0,152.0,2,2,Recovered
72.2,5.0,147.0,4,4,Overtrained
30.7,6.0,132.0,3,3,Recovered
19.9,7.8,139.0,3,2,Recovered
70.7,5.3,155.0,2,3,Recovered
100.0,8.0,152.0,3,1,Recovered
64.4,7.9,169.0,2,2,Recovered
28.1,6.7,167.0,3,3,Recovered
37.6,4.8,145.0,2,3,Recovered
72.7,5.7,158.0,3,4,Recovered
25.0,7.1,132.0,3,2,Recovered
60.6,8.6,131.0,2,2,Recovered
51.0,7.3,120.0,3,2,Recovered
71.5,5.5,127.0,3,4,Recovered
73.3,7.3,134.0,2,1,Recovered
61.3,6.9,130.0,2,2,Recovered
61.6,7.9,147.0,2,1,Recovered
32.2,5.0,120.0,3,4,Recovered
55.1,7.7,161.0,4,3,Recovered
53.5,6.7,146.0,3,3,Recovered
66.4,8.4,139.0,4,1,Recovered
38.4,6.1,134.0,4,4,Overtrained
58.8,7.1,146.0,4,3,Recovered
51.7,8.2,169.0,4,2,Recovered
78.0,4.9,169.0,4,4,Overtrained
55.4,8.2,153.0,4,2,Recovered
40.9,7.5,141.0,2,2,Recovered
59.6,5.0,158.0,3,3,Recovered
74.7,5.8,160.0,4,3,Recovered
40.2,7.4,155.0,3,2,Recovered
48.5,5.0,169.0,1,3,Recovered
51.9,6.9,121.0,3,2,Recovered
64.2,6.2,168.0,2,3,Recovered
49.4,7.2,154.0,3,3,Recovered
95.3,4.9,120.0,4,4,Overtrained
38.8,8.3,169.0,2,2,Recovered
73.5,8.6,129.0,3,2,Recovered
61.6,8.4,164.0,3,2,Recovered
32.1,7.7,127.0,3,2,Recovered
52.1,5.3,149.0,1,2,Recovered
62.9,7.6,146.0,3,2,Recovered
56.9,4.7,145.0,3,3,Recovered
35.9,4.6,134.0,4,5,Overtrained
27.6,6.0,132.0,3,3,Recovered
58.8,6.6,146.0,2,3,Recovered
67.4,7.9,139.0,2,2,Recovered
46.0,7.3,149.0,3,2,Recovered
17.0,6.5,127.0,2,3,Recovered
38.7,5.7,125.0,3,3,Recovered
41.7,8.8,139.0,2,2,Recovered
65.0,6.3,163.0,3,3,Recovered
36.3,6.6,162.0,1,2,Recovered
85.0,5.2,169.0,5,4,Overtrained
77.7,7.9,148.0,3,2,Recovered
63.9,7.4,131.0,4,2,Recovered
61.0,5.7,148.0,2,3,Recovered
50.5,4.9,129.0,3,3,Recovered
33.3,7.4,121.0,2,1,Recovered
36.9,7.2,121.0,3,3,Recovered
69.5,5.7,136.0,3,4,Recovered
63.4,8.5,139.0,3,2,Recovered
21.8,5.3,153.0,3,2,Recovered
63.9,6.3,162.0,4,3,Recovered
77.5,8.6,134.0,3,1,Recovered
51.9,6.4,143.0,4,3,Recovered
65.8,7.4,144.0,3,1,Recovered
68.8,6.4,123.0,2,3,Recovered
27.7,5.7,129.0,4,4,Overtrained
73.2,8.6,142.0,3,1,Recovered
41.9,6.1,121.0,3,3,Recovered
50.4,8.3,165.0,4,2,Recovered
43.2,5.6,142.0,3,3,Recovered
37.8,5.6,152.0,2,3,Recovered
50.4,4.8,168.0,3,3,Recovered
33.8,7.3,169.0,3,1,Recovered
59.3,6.2,161.0,4,2,Recovered
55.9,8.2,169.0,3,2,Recovered
50.5,6.4,122.0,3,3,Recovered
79.5,8.7,163.0,3,1,Recovered
34.4,5.5,157.0,3,3,Recovered
44.5,8.1,152.0,3,3,Recovered
86.1,7.8,124.0,3,2,Recovered
51.6,7.8,137.0,3,2,Recovered
38.2,8.1,140.0,3,2,Recovered
71.1,7.7,169.0,3,1,Recovered
63.7,7.2,136.0,2,2,Recovered
56.7,5.2,169.0,2,4,Recovered
50.0,4.8,120.0,2,4,Recovered
23.2,8.5,154.0,2,1,Recovered
52.0,7.1,142.0,3,2,Recovered
35.1,7.9,123.0,3,1,Recovered
45.0,6.7,135.0,2,2,Recovered
70.7,5.1,161.0,3,4,Recovered
52.3,5.1,129.0,4,4,Overtrained
78.1,7.4,164.0,2,2,Recovered
55.8,6.3,159.0,4,3,Recovered
92.1,5.3,149.0,4,4,Overtrained
70.9,6.5,156.0,4,3,Recovered
17.0,5.0,120.0,2,4,Recovered
68.2,7.0,136.0,3,3,Recovered
55.7,5.9,169.0,2,2,Recovered
95.3,7.8,165.0,4,2,Recovered
51.7,5.9,146.0,3,2,Recovered
77.5,6.3,146.0,4,4,Overtrained
69.8,4.6,169.0,3,4,Recovered
61.9,5.0,125.0,2,4,Recovered
37.2,6.3,125.0,3,3,Recovered
51.9,6.6,139.0,3,3,Recovered
71.0,7.0,160.0,2,2,Recovered
74.1,5.8,149.0,2,3,Recovered
66.0,7.4,123.0,3,3,Recovered
68.8,8.1,169.0,2,2,Recovered
96.7,7.8,162.0,4,2,Recovered
77.5,5.0,153.0,2,3,Recovered
72.2,6.7,169.0,2,2,Recovered
58.6,5.1,167.0,3,4,Recovered
32.3,5.7,161.0,3,4,Recovered
45.2,8.7,169.0,2,1,Recovered
68.6,5.2,158.0,2,4,Recovered
32.0,6.5,147.0,2,3,Recovered
84.4,7.1,155.0,4,2,Recovered
25.4,7.6,163.0,2,2,Recovered
53.9,6.9,142.0,2,2,Recovered
73.2,4.8,167.0,2,4,Recovered
45.5,5.9,128.0,3,3,Recovered
65.7,6.8,169.0,2,3,Recovered
32.1,5.0,151.0,3,3,Recovered
57.3,6.1,130.0,3,3,Recovered
85.9,4.8,147.0,2,3,Recovered
46.5,5.0,155.0,2,3,Recovered
49.7,6.4,148.0,2,3,Recovered
37.6,5.2,148.0,2,3,Recovered
53.6,6.9,160.0,4,3,Recovered
73.2,7.6,165.0,2,2,Recovered
98.0,7.8,164.0,3,2,Recovered
69.2,5.5,120.0,2,3,Recovered
85.1,5.5,129.0,2,3,Recovered
49.9,5.0,169.0,2,3,Recovered
76.0,7.2,153.0,3,3,Recovered
55.2,7.4,169.0,4,3,Recovered
62.1,4.9,139.0,2,3,Recovered
56.9,8.4,154.0,2,2,Recovered
40.5,4.9,121.0,4,2,Recovered
39.1,6.8,139.0,4,2,Recovered
71.3,7.5,139.0,3,2,Recovered
25.6,8.1,120.0,4,1,Recovered
61.2,7.5,152.0,4,2,Recovered
43.8,7.9,169.0,3,2,Recovered
32.1,6.0,123.0,3,3,Recovered
40.2,7.9,160.0,4,2,Recovered
25.1,4.8,131.0,4,4,Overtrained
91.5,8.2,166.0,3,2,Recovered
33.4,6.9,142.0,3,3,Recovered
59.5,7.9,128.0,4,2,Recovered
43.2,6.5,143.0,2,2,Recovered
32.5,7.3,149.0,3,3,Recovered
43.9,6.9,163.0,2,2,Recovered
62.4,7.6,136.0,2,2,Recovered
45.4,5.0,148.0,3,3,Recovered
46.6,4.8,158.0,3,3,Recovered
74.6,5.8,141.0,2,2,Recovered
57.5,5.4,129.0,3,3,Recovered
21.5,8.2,134.0,2,2,Recovered
59.3,5.7,141.0,2,2,Recovered
44.0,8.6,163.0,3,1,Recovered
62.8,5.9,162.0,3,4,Recovered
51.3,5.4,169.0,2,3,Recovered
70.5,7.9,169.0,3,3,Recovered
61.1,7.3,155.0,4,3,Recovered
49.4,6.8,149.0,2,3,Recovered
48.5,6.9,131.0,3,2,Recovered
61.5,7.6,127.0,3,2,Recovered
49.5,5.5,156.0,2,3,Recovered
57.8,8.7,151.0,2,1,Recovered
77.6,8.6,169.0,3,2,Recovered
76.2,7.2,154.0,4,3,Recovered
77.4,5.3,164.0,4,4,Overtrained
22.4,7.3,132.0,3,2,Recovered
75.1,5.1,152.0,3,3,Recovered
33.7,4.6,120.0,3,4,Recovered
72.0,5.7,140.0,3,3,Recovered
31.1,6.6,159.0,3,2,Recovered
40.2,8.0,149.0,4,2,Recovered
87.3,7.7,169.0,3,2,Recovered
47.1,7.6,133.0,4,2,Recovered
37.4,6.3,165.0,3,4,Recovered
70.1,6.1,131.0,3,2,Recovered
100.0,6.1,169.0,4,3,Recovered
68.3,8.5,166.0,2,2,Recovered
59.7,4.9,145.0,3,4,Recovered
54.2,8.3,165.0,2,1,Recovered
70.8,6.9,164.0,2,3,Recovered
93.2,6.5,142.0,2,3,Recovered
30.2,7.5,138.0,3,2,Recovered
33.0,6.7,137.0,3,3,Recovered
38.6,8.2,156.0,3,2,Recovered
34.9,8.4,169.0,1,2,Recovered
37.3,6.5,158.0,2,2,Recovered
41.8,5.7,164.0,4,3,Recovered
69.9,7.2,125.0,2,2,Recovered
42.0,8.2,146.0,4,2,Recovered
53.7,5.4,169.0,3,4,Recovered
90.3,7.3,133.0,2,2,Recovered
50.5,7.1,123.0,4,3,Recovered
57.8,7.5,169.0,3,2,Recovered
68.0,5.3,143.0,2,4,Recovered
65.7,7.7,141.0,3,1,Recovered
70.6,8.2,165.0,2,2,Recovered
62.8,5.5,153.0,3,3,Recovered
49.1,5.6,169.0,4,3,Recovered
74.9,8.4,166.0,3,3,Recovered
35.1,5.5,123.0,2,2,Recovered
61.6,8.2,169.0,2,2,Recovered
56.5,6.7,143.0,3,3,Recovered
63.8,5.8,152.0,2,2,Recovered
66.0,8.2,129.0,2,2,Recovered
49.1,6.3,140.0,4,4,Overtrained
22.4,6.8,128.0,2,2,Recovered
39.2,6.1,141.0,2,2,Recovered
67.1,7.1,130.0,2,2,Recovered
79.7,5.3,120.0,3,3,Recovered
100.0,6.3,154.0,2,4,Recovered
95.8,8.5,148.0,3,2,Recovered
69.9,5.6,140.0,4,4,Overtrained
53.7,7.2,139.0,4,3,Recovered
29.7,6.1,159.0,2,2,Recovered
70.8,7.7,168.0,2,2,Recovered
58.4,5.3,160.0,2,3,Recovered
45.0,8.5,128.0,3,2,Recovered
52.3,6.6,155.0,3,3,Recovered
85.4,5.5,169.0,3,4,Recovered
28.7,5.0,127.0,2,4,Recovered
44.0,5.3,140.0,3,3,Recovered
28.7,6.7,146.0,3,2,Recovered
66.5,6.0,132.0,3,3,Recovered
58.5,7.9,138.0,3,2,Recovered
59.1,6.3,134.0,3,3,Recovered
48.9,5.8,158.0,2,2,Recovered
57.9,7.0,122.0,4,3,Recovered
63.0,7.6,146.0,2,2,Recovered
59.8,5.5,162.0,3,3,Recovered
53.7,5.4,140.0,2,4,Recovered
61.2,4.7,161.0,3,4,Recovered
100.0,7.5,164.0,3,3,Recovered
62.1,7.4,165.0,3,2,Recovered
53.7,6.6,139.0,5,3,Recovered
35.0,8.0,154.0,3,3,Recovered
74.8,8.0,140.0,2,2,Recovered
51.1,7.0,122.0,2,2,Recovered
51.1,8.0,120.0,2,2,Recovered
89.5,5.6,155.0,1,3,Recovered
56.4,5.0,155.0,2,4,Recovered
74.1,5.7,139.0,4,4,Overtrained
66.1,4.8,120.0,3,3,Recovered
72.1,6.7,156.0,3,3,Recovered
50.6,8.3,122.0,3,1,Recovered
39.5,4.8,159.0,4,4,Overtrained
50.5,5.1,120.0,2,3,Recovered
48.9,6.4,144.0,4,3,Recovered
74.4,8.5,141.0,2,1,Recovered
44.9,5.8,141.0,4,4,Overtrained
71.6,6.8,156.0,3,1,Recovered
62.6,5.0,164.0,3,3,Recovered
25.9,5.3,159.0,2,3,Recovered
49.2,8.5,128.0,2,2,Recovered
67.3,8.5,146.0,4,3,Recovered
57.9,4.6,142.0,3,3,Recovered
60.5,8.5,157.0,2,2,Recovered
59.7,7.3,166.0,3,2,Recovered
76.0,8.1,155.0,4,3,Recovered
46.4,6.5,160.0,3,2,Recovered
64.2,6.9,157.0,2,2,Recovered
36.7,6.7,123.0,3,3,Recovered
54.3,7.5,169.0,2,2,Recovered
79.5,5.4,129.0,2,2,Recovered
91.5,4.8,134.0,2,3,Recovered
85.0,5.9,135.0,3,3,Recovered
60.1,7.5,122.0,2,3,Recovered
52.4,5.5,164.0,3,3,Recovered
54.3,7.2,168.0,4,1,Recovered
55.5,8.6,128.0,4,2,Recovered
88.2,5.0,160.0,4,3,Recovered
86.7,7.4,124.0,4,1,Recovered
79.5,6.4,157.0,4,2,Recovered
86.3,8.2,169.0,3,2,Recovered
45.4,5.4,169.0,2,3,Recovered
38.9,7.4,127.0,4,2,Recovered
60.6,7.9,136.0,3,3,Recovered
28.8,8.5,157.0,3,2,Recovered
56.2,7.2,139.0,3,4,Recovered
53.1,6.5,169.0,4,2,Recovered
53.5,7.2,169.0,3,2,Recovered
77.2,8.3,155.0,2,1,Recovered
57.9,6.8,158.0,4,3,Recovered
51.1,4.8,168.0,2,3,Recovered
69.0,8.3,137.0,4,2,Recovered
45.3,7.5,146.0,2,2,Recovered
57.0,7.3,169.0,3,3,Recovered
73.1,5.6,131.0,3,3,Recovered
55.2,7.3,129.0,2,3,Recovered
89.1,6.4,120.0,2,2,Recovered
68.2,7.1,158.0,3,2,Recovered
60.5,5.2,144.0,3,3,Recovered
66.6,7.4,152.0,2,1,Recovered
36.2,8.8,140.0,1,2,Recovered
77.2,4.9,146.0,3,3,Recovered
79.1,8.4,158.0,4,2,Recovered
45.5,6.4,149.0,2,2,Recovered
17.0,8.3,167.0,2,2,Recovered
38.2,7.9,137.0,3,2,Recovered
70.3,7.0,168.0,2,2,Recovered
65.7,7.6,146.0,2,3,Recovered
54.9,8.1,147.0,3,2,Recovered
100.0,6.2,132.0,4,3,Recovered
87.6,6.0,147.0,2,3,Recovered
62.8,7.3,127.0,3,2,Recovered
17.0,7.9,137.0,2,2,Recovered
61.1,7.7,134.0,2,1,Recovered
57.8,7.8,169.0,3,3,Recovered
60.3,6.3,149.0,2,3,Recovered
38.8,7.8,144.0,3,3,Recovered
57.5,5.3,136.0,2,3,Recovered
79.6,7.0,124.0,2,3,Recovered
81.0,4.7,131.0,3,4,Recovered
30.2,6.1,150.0,2,2,Recovered
75.0,6.0,124.0,3,3,Recovered
67.1,6.4,144.0,2,3,Recovered
42.6,7.3,161.0,4,2,Recovered
70.1,6.2,153.0,2,3,Recovered
64.4,6.5,150.0,2,3,Recovered
58.4,5.5,164.0,3,3,Recovered
46.9,6.0,163.0,4,3,Recovered
58.1,5.5,160.0,4,3,Recovered
51.0,4.9,126.0,3,3,Recovered
71.1,7.2,158.0,2,2,Recovered
73.4,7.4,125.0,2,2,Recovered
47.1,7.1,121.0,4,3,Recovered
66.3,6.5,120.0,3,3,Recovered
81.4,6.2,120.0,3,3,Recovered
56.1,8.3,138.0,4,1,Recovered
76.4,6.9,127.0,1,2,Recovered
76.1,6.6,148.0,3,3,Recovered
53.2,4.7,135.0,3,4,Recovered
36.1,6.2,156.0,2,2,Recovered
64.2,6.3,163.0,2,2,Recovered
78.4,6.1,169.0,3,3,Recovered
31.8,6.9,131.0,3,3,Recovered
68.0,6.9,129.0,2,2,Recovered
81.8,7.1,169.0,2,3,Recovered
35.7,7.9,146.0,2,2,Recovered
91.9,8.0,129.0,3,3,Recovered
76.1,7.6,154.0,2,2,Recovered
72.5,8.6,136.0,2,2,Recovered
62.1,4.8,125.0,3,3,Recovered
66.3,5.6,122.0,2,2,Recovered
79.6,4.6,156.0,3,4,Recovered
92.4,7.3,152.0,3,2,Recovered
66.8,8.3,151.0,3,2,Recovered
68.1,5.7,160.0,3,3,Recovered
57.8,8.4,164.0,3,2,Recovered
56.0,4.8,149.0,2,5,Recovered
40.2,8.5,130.0,3,2,Recovered
81.2,6.0,124.0,3,4,Recovered
36.5,5.0,168.0,4,4,Overtrained
35.9,6.5,140.0,3,3,Recovered
42.8,5.8,153.0,2,3,Recovered
43.1,5.8,141.0,3,3,Recovered
69.8,5.9,140.0,2,3,Recovered
56.9,8.0,154.0,2,2,Recovered
79.1,7.0,127.0,3,1,Recovered
58.2,6.0,150.0,3,3,Recovered
33.3,7.0,151.0,3,2,Recovered
70.2,7.6,169.0,3,3,Recovered
64.2,5.7,129.0,3,3,Recovered
67.1,6.4,167.0,4,2,Recovered
53.7,5.3,138.0,3,3,Recovered
47.8,5.4,156.0,2,3,Recovered
70.5,7.2,120.0,3,3,Recovered
74.6,5.4,126.0,3,3,Recovered
55.8,6.8,159.0,3,3,Recovered
58.7,7.5,133.0,2,2,Recovered
62.0,5.2,127.0,1,3,Recovered
50.2,6.8,129.0,3,2,Recovered
35.9,5.7,145.0,3,3,Recovered
48.2,8.7,138.0,3,1,Recovered
66.1,6.4,129.0,3,3,Recovered
75.7,7.7,160.0,4,3,Recovered
30.3,6.8,129.0,2,3,Recovered
26.1,5.0,127.0,3,4,Recovered
32.3,7.3,138.0,1,2,Recovered
69.9,8.5,156.0,3,2,Recovered
57.7,7.1,160.0,1,2,Recovered
88.6,7.9,141.0,4,2,Recovered
68.1,8.1,151.0,2,2,Recovered
25.6,5.6,168.0,3,4,Recovered
45.8,5.6,146.0,2,3,Recovered
100.0,7.0,152.0,3,3,Recovered
45.3,6.3,120.0,4,3,Recovered
74.9,8.0,169.0,3,2,Recovered
46.9,8.2,165.0,4,2,Recovered
61.1,6.1,142.0,3,2,Recovered
43.2,5.6,169.0,2,4,Recovered
72.8,7.9,130.0,3,1,Recovered
38.4,5.7,153.0,3,4,Recovered
39.0,8.0,125.0,3,1,Recovered
61.3,6.4,123.0,3,3,Recovered
66.3,7.4,132.0,3,2,Recovered
97.0,4.9,169.0,3,4,Recovered
91.5,7.1,153.0,4,2,Recovered
48.9,6.4,142.0,3,3,Recovered
33.4,7.1,169.0,2,1,Recovered
62.4,5.4,146.0,3,3,Recovered
61.6,7.6,165.0,2,3,Recovered
40.2,8.1,135.0,3,2,Recovered
42.1,5.5,131.0,2,3,Recovered
55.4,5.2,167.0,2,2,Recovered
97.8,4.8,130.0,3,4,Recovered
68.3,7.4,139.0,3,2,Recovered
60.8,7.1,136.0,3,1,Recovered
65.4,6.8,146.0,3,3,Recovered
70.8,5.7,158.0,3,3,Recovered
57.8,6.3,144.0,2,3,Recovered
100.0,7.0,163.0,4,2,Recovered
28.0,6.7,132.0,2,1,Recovered
66.5,8.8,122.0,3,1,Recovered
77.3,5.1,162.0,3,4,Recovered
62.4,7.4,120.0,4,2,Recovered
56.3,6.3,120.0,3,2,Recovered
61.4,6.2,161.0,3,5,Recovered
43.8,7.6,156.0,2,2,Recovered
49.0,7.5,166.0,2,2,Recovered
59.3,8.7,126.0,3,1,Recovered
52.2,5.2,153.0,2,2,Recovered
44.9,5.1,132.0,4,3,Recovered
51.2,7.4,146.0,4,3,Recovered
17.0,7.0,163.0,3,2,Recovered
50.9,5.7,149.0,3,3,Recovered
48.2,5.0,153.0,3,3,Recovered
38.9,4.8,120.0,3,4,Recovered
19.7,8.3,127.0,2,1,Recovered
53.4,5.5,161.0,3,3,Recovered
72.1,6.0,131.0,2,2,Recovered
32.6,5.5,156.0,3,2,Recovered
42.6,5.9,169.0,3,4,Recovered
71.5,5.0,120.0,1,4,Recovered
48.2,6.8,168.0,3,2,Recovered
54.9,5.1,163.0,2,2,Recovered
56.2,7.9,145.0,4,2,Recovered
70.8,5.5,137.0,3,3,Recovered
17.6,6.8,152.0,3,2,Recovered
63.2,8.3,131.0,2,1,Recovered
87.1,7.4,141.0,2,2,Recovered
28.2,6.8,137.0,3,3,Recovered
74.5,5.9,156.0,3,3,Recovered
18.2,5.8,120.0,3,4,Recovered
59.6,7.4,135.0,4,1,Recovered
45.1,8.6,130.0,2,2,Recovered
36.2,7.2,133.0,2,2,Recovered
25.9,7.0,122.0,2,2,Recovered
44.8,7.5,139.0,3,2,Recovered
93.2,6.5,143.0,3,4,Recovered
70.8,4.7,131.0,2,4,Recovered
84.1,6.8,153.0,3,3,Recovered
36.4,8.5,169.0,3,1,Recovered
85.5,5.4,163.0,3,3,Recovered
68.5,7.5,153.0,2,2,Recovered
76.8,5.6,166.0,2,2,Recovered
55.4,6.8,160.0,3,2,Recovered
51.5,5.0,138.0,3,4,Recovered
45.4,6.6,128.0,2,2,Recovered
28.1,7.6,127.0,3,2,Recovered
44.9,6.2,150.0,2,3,Recovered
89.2,7.4,132.0,3,3,Recovered
50.5,7.7,140.0,4,2,Recovered
42.7,8.4,142.0,1,2,Recovered
77.9,5.7,169.0,2,2,Recovered
57.8,6.3,150.0,3,3,Recovered
87.3,5.4,169.0,2,3,Recovered
75.4,8.8,141.0,3,1,Recovered
54.2,8.3,120.0,3,2,Recovered
51.2,6.9,132.0,3,2,Recovered
63.7,8.1,149.0,3,1,Recovered
49.7,6.9,169.0,1,3,Recovered
62.2,7.3,141.0,3,2,Recovered
51.7,5.2,129.0,2,3,Recovered
44.1,7.7,123.0,3,2,Recovered
91.3,5.1,146.0,3,4,Recovered
59.8,8.1,128.0,2,1,Recovered
71.0,7.8,141.0,4,3,Recovered
74.4,7.5,158.0,2,2,Recovered
56.4,4.7,150.0,4,3,Recovered
37.7,5.9,151.0,2,3,Recovered
100.0,5.8,169.0,3,3,Recovered
39.3,6.2,149.0,3,3,Recovered
70.3,5.0,123.0,2,2,Recovered
50.8,8.4,158.0,3,3,Recovered
41.1,7.0,131.0,2,2,Recovered
57.1,5.9,143.0,2,3,Recovered
35.3,6.2,144.0,4,4,Overtrained
68.3,6.4,127.0,2,4,Recovered
63.4,6.9,169.0,3,3,Recovered
62.5,6.9,120.0,2,3,Recovered
59.9,8.2,130.0,4,2,Recovered
60.7,6.5,164.0,3,3,Recovered
57.9,8.7,122.0,3,1,Recovered
66.1,7.9,139.0,4,2,Recovered
47.6,5.5,162.0,3,3,Recovered
70.6,8.4,131.0,2,1,Recovered
35.6,5.3,120.0,2,3,Recovered
50.8,7.9,128.0,4,1,Recovered
43.4,6.3,152.0,3,3,Recovered
50.6,8.1,151.0,3,2,Recovered
49.1,8.3,155.0,2,1,Recovered
65.2,7.8,144.0,4,2,Recovered
51.4,8.0,133.0,2,3,Recovered
47.3,5.9,167.0,4,4,Overtrained
95.6,4.9,128.0,3,3,Recovered
71.2,6.2,133.0,4,3,Recovered
31.5,5.4,136.0,2,3,Recovered
56.6,7.5,129.0,4,2,Recovered
41.4,6.0,124.0,3,2,Recovered
42.0,8.5,133.0,3,2,Recovered
75.0,7.3,145.0,3,2,Recovered
61.8,8.1,138.0,3,2,Recovered
31.5,5.0,160.0,4,4,Overtrained
46.1,7.9,169.0,4,3,Recovered
49.2,8.5,146.0,1,1,Recovered
22.9,6.4,166.0,3,3,Recovered
76.8,7.1,140.0,3,3,Recovered
80.4,7.7,154.0,4,2,Recovered
33.5,5.5,140.0,2,2,Recovered
49.3,6.6,169.0,4,4,Overtrained
75.0,6.4,137.0,1,2,Recovered
100.0,5.3,145.0,3,4,Recovered
66.5,6.2,136.0,2,2,Recovered
68.5,5.1,142.0,2,2,Recovered
60.6,4.9,158.0,3,3,Recovered
56.6,5.3,138.0,3,3,Recovered
35.6,8.5,155.0,3,1,Recovered
67.8,6.9,135.0,3,2,Recovered
75.7,8.5,156.0,4,1,Recovered
37.1,6.3,128.0,3,2,Recovered
33.3,5.7,169.0,3,4,Recovered
55.2,6.7,129.0,2,3,Recovered
42.9,6.4,161.0,3,3,Recovered
43.5,5.0,146.0,3,3,Recovered
84.3,7.4,162.0,3,1,Recovered
37.4,5.4,169.0,4,4,Overtrained
50.7,7.3,169.0,2,2,Recovered
38.4,7.3,148.0,3,3,Recovered
59.4,5.4,126.0,2,3,Recovered
68.5,4.9,128.0,3,3,Recovered
43.6,7.8,131.0,3,2,Recovered
45.9,6.3,155.0,2,3,Recovered
83.3,4.8,165.0,3,3,Recovered
40.9,8.8,152.0,2,2,Recovered
52.4,5.0,159.0,3,3,Recovered
54.0,7.3,169.0,3,3,Recovered
57.8,8.5,151.0,3,1,Recovered
40.2,5.8,144.0,2,3,Recovered
66.7,5.4,128.0,3,3,Recovered
87.6,5.1,156.0,2,3,Recovered
35.7,5.8,127.0,4,4,Overtrained
63.5,5.0,134.0,4,4,Overtrained
39.5,7.4,169.0,3,3,Recovered
61.5,4.9,167.0,3,4,Recovered
66.9,6.5,148.0,4,3,Recovered
55.5,8.7,169.0,2,2,Recovered
50.1,8.0,132.0,2,2,Recovered
56.0,7.1,126.0,4,2,Recovered
56.4,5.8,156.0,2,3,Recovered
48.3,7.0,136.0,4,3,Recovered
83.0,6.8,128.0,3,2,Recovered
97.3,6.4,135.0,3,3,Recovered
78.7,5.3,146.0,3,3,Recovered
80.5,8.2,128.0,3,1,Recovered
57.8,6.6,161.0,1,3,Recovered
47.2,5.4,131.0,4,4,Overtrained
67.1,6.1,142.0,2,3,Recovered
30.4,6.4,146.0,3,3,Recovered
57.4,8.1,137.0,3,2,Recovered
70.8,7.6,162.0,1,3,Recovered
39.3,7.7,124.0,3,3,Recovered
67.5,4.8,148.0,2,2,Recovered
56.4,6.5,127.0,3,3,Recovered
42.6,6.5,126.0,2,3,Recovered
63.3,4.9,132.0,2,3,Recovered
56.4,5.7,169.0,3,3,Recovered
70.4,7.8,136.0,3,3,Recovered
26.6,5.1,134.0,4,4,Overtrained
30.8,6.8,158.0,2,2,Recovered
59.7,5.6,128.0,2,2,Recovered
65.6,4.6,169.0,3,4,Recovered
64.9,5.7,149.0,2,3,Recovered
61.8,8.6,136.0,3,2,Recovered
75.3,7.8,120.0,3,3,Recovered
59.9,8.5,127.0,1,2,Recovered
72.7,6.7,164.0,3,3,Recovered
50.3,5.2,155.0,1,3,Recovered
62.6,6.9,159.0,2,2,Recovered
48.1,6.3,149.0,3,3,Recovered
32.4,8.2,138.0,2,2,Recovered
67.1,5.2,169.0,4,3,Recovered
73.8,6.8,140.0,2,2,Recovered
73.9,5.3,152.0,2,3,Recovered
68.3,5.9,169.0,3,3,Recovered
66.1,7.6,153.0,2,2,Recovered
98.5,6.6,142.0,3,3,Recovered
47.7,6.2,130.0,2,2,Recovered
46.2,6.3,124.0,2,3,Recovered
47.9,6.3,156.0,3,3,Recovered
22.7,7.7,134.0,3,3,Recovered
66.5,8.4,146.0,2,1,Recovered
52.2,8.5,134.0,3,2,Recovered
75.6,7.8,149.0,2,3,Recovered
83.2,6.0,157.0,3,3,Recovered
55.9,7.4,144.0,3,2,Recovered
39.7,6.6,141.0,3,1,Recovered
20.5,5.7,126.0,2,2,Recovered
79.2,8.1,167.0,2,1,Recovered
71.3,5.0,165.0,2,4,Recovered
63.9,8.1,163.0,3,2,Recovered
46.7,6.5,120.0,4,3,Recovered
43.7,7.1,146.0,3,1,Recovered
81.5,7.3,129.0,3,2,Recovered
69.7,8.2,140.0,4,2,Recovered
67.2,7.1,169.0,3,3,Recovered
29.8,7.2,129.0,2,2,Recovered
51.1,4.8,127.0,3,4,Recovered
61.1,6.9,148.0,3,3,Recovered
66.6,5.1,146.0,3,4,Recovered
100.0,7.4,169.0,4,3,Recovered
65.2,6.8,135.0,3,2,Recovered
67.9,7.3,138.0,4,4,Overtrained
50.5,5.0,163.0,3,2,Recovered
77.8,5.0,134.0,3,4,Recovered
76.7,7.6,169.0,3,2,Recovered
70.7,5.0,129.0,2,4,Recovered
53.6,4.9,152.0,2,3,Recovered
66.1,4.6,156.0,2,4,Recovered
